Computer Name, IP Address, MAC Address, Service Tag, Audited by
LAB-GHB15-01,10.194.197.32,18:66:DA:26:70:C5  ,7NPLKB2       ,Addrexis
LAB-GHB15-02,10.194.197.74,18:66:DA:26:78:F9  ,7NMJKB2       ,Addrexis
LAB-GHB15-03,10.194.197.18,18:66:DA:26:A4:00  ,7NLTKB2       ,Addrexis
LAB-GHB15-04,10.194.197.19,18:66:DA:26:78:5C  ,7NMQKB2       ,Addrexis
LAB-GHB15-05,10.194.197.20,18:66:DA:26:31:F2  ,7NQNKB2       ,Addrexis
LAB-GHB15-06,Computer in Error State,18:66:DA:26:66:B3  ,7NMLKB2       ,Addrexis
LAB-GHB15-07,10.194.197.24,18:66:DA:26:32:1A  ,7NQLKB2       ,Addrexis
LAB-GHB15-08,Computer in Error State,Computer in Error State,Computer in Error State,Addrexis
LAB-GHB15-09,10.194.197.77,18:66:DA:26:A8:60  ,7NKNKB2       ,Addrexis
LAB-GHB15-10,10.194.197.124,18:66:DA:26:34:7C  ,7NQTKB2       ,Addrexis
LAB-GHB15-11,Computer in Error State,18:66:DA:26:36:0F  ,7NPPKB2       ,Addrexis
LAB-GHB15-12,10.194.197.197,18:66:DA:26:77:05  ,7NKKKB2       ,Addrexis
LAB-GHB15-13,10.194.197.55,18:66:DA:26:33:2E  ,7NRKKB2       ,Addrexis
LAB-GHB15-14,10.194.197.116,18:66:DA:26:7C:FD  ,7NNMKB2       ,Addrexis
LAB-GHB15-15,10.194.197.99,18:66:DA:26:7C:E8  ,7NMKKB2       ,Addrexis
LAB-GHB15-16,10.194.197.100,18:66:DA:26:33:E2  ,7NQMKB2       ,Addrexis
LAB-GHB15-17,10.194.197.107,18:66:DA:26:31:D5  ,7NQQKB2       ,Addrexis
LAB-GHB15-18,10.194.197.140,18:66:DA:26:36:73  ,7NRMKB2       ,Addrexis
LAB-GHB15-19,10.194.197.184,18:66:DA:26:9E:C9  ,7NKJKB2       ,Addrexis
LAB-GHB15-20,10.194.197.16,18:66:DA:26:7C:63  ,7NNLKB2       ,Addrexis
LAB-GHB15-21,10.194.197.167,18:66:DA:26:77:CF  ,7NPQKB2       ,Addrexis
LAB-GHB15-22,10.194.197.96,18:66:DA:26:76:85  ,7NNSKB2       ,Addrexis
LAB-GHB15-23,10.195.88.124,18:66:DA:26:A2:83  ,7NJSKB2       ,Addrexis
LAB-GHB15-24,10.194.197.89,18:66:DA:26:78:81  ,7NMPKB2       ,Addrexis
LAB-GHB15-25,10.194.197.90,18:66:DA:26:A5:E0  ,7NJRKB2       ,Addrexis
LAB-GHB15-26,10.194.197.17,18:66:DA:26:78:45  ,7NPNKB2       ,Addrexis
LAB-GHB15-27,10.194.197.88,18:66:DA:26:38:46  ,7NQPKB2       ,Addrexis
LAB-GHB15-28,10.194.197.87,18:66:DA:26:33:62  ,7NQRKB2       ,Addrexis
LAB-GHB15-29,10.194.197.84,18:66:DA:26:A4:8E  ,7NJTKB2       ,Addrexis
LAB-GHB15-30,10.194.197.69,18:66:DA:26:79:42  ,7NPTKB2       ,Addrexis
LAB-GHB15-31,10.194.197.170,18:66:DA:26:34:8B  ,7NRLKB2       ,Addrexis
LAB-GHB15-32,10.194.197.133,18:66:DA:26:36:1C  ,7NNPKB2       ,Addrexis
LAB-GHB15-33,10.194.197.126,18:66:DA:26:38:9C  ,7NQJKB2       ,Addrexis
LAB-GHB15-34,10.194.197.135,18:66:DA:26:7D:0B  ,7NPSKB2       ,Addrexis
LAB-GHB15-35,10.194.197.113,18:66:DA:26:36:65  ,7NRNKB2       ,Addrexis
LAB-GHB15-36,10.194.197.169,18:66:DA:26:32:22  ,7NQKKB2       ,Addrexis
LAB-GHB15-37,10.194.197.174,18:66:DA:26:A8:50  ,7NKMKB2       ,Addrexis
LAB-GHB15-38,10.194.197.158,18:66:DA:26:7B:78  ,7NMRKB2       ,Addrexis
LAB-GHB15-39,10.194.197.153,18:66:DA:26:78:64  ,7NJQKB2       ,Addrexis
LAB-GHB15-40,10.194.197.157,18:66:DA:26:36:68  ,7NNJKB2       ,Addrexis
LAB-GHB15-41,Computer in Error State,18:66:DA:26:5F:4B  ,7NRJKB2       ,Addrexis
LAB-GHB15-42,10.194.197.141,18:66:DA:26:32:38  ,7NQSKB2       ,Addrexis
LAB-GHB15-SA,10.194.197.50,18:66:DA:26:36:76  ,7NNQKB2       ,Addrexis
